<?xml version="1.0" encoding="UTF-8"?>
<project-private xmlns="http://www.netbeans.org/ns/project-private/1">
    <editor-bookmarks xmlns="http://www.netbeans.org/ns/editor-bookmarks/2" lastBookmarkId="1">
        <file>
            <url>src/Start_test.java</url>
            <bookmark id="1">
                <name/>
                <line>140</line>
                <key/>
            </bookmark>
        </file>
    </editor-bookmarks>
    <open-files xmlns="http://www.netbeans.org/ns/projectui-open-files/2">
        <group>
            <file>file:/F:/onlineexam/src/Start.java</file>
            <file>file:/F:/onlineexam/src/severframe.java</file>
            <file>file:/F:/onlineexam/src/user_login.java</file>
            <file>file:/F:/onlineexam/src/Front_page.java</file>
            <file>file:/F:/onlineexam/src/View_result.java</file>
            <file>file:/F:/onlineexam/src/ACP.java</file>
            <file>file:/F:/onlineexam/src/welcome.java</file>
            <file>file:/F:/onlineexam/src/serverforexam.java</file>
            <file>file:/F:/onlineexam/src/Start_test.java</file>
        </group>
    </open-files>
</project-private>
